{"cameraMode":{"drawMode":0,"name":"Shaded","section":"Shading Mode"},"sceneLighting":false,"audioPlay":false,"sceneViewState":{"showFog":true,"showMaterialUpdate":false,"showSkybox":false,"showFlares":true,"showImageEffects":true,"showParticleSystems":true},"in2DMode":false,"pivot":{"x":0.000046372413635253906,"y":0.816419243812561,"z":-0.016537055373191835},"rotation":{"x":-0.0250683780759573,"y":-0.09731985628604889,"z":-0.0024508987553417684,"w":0.9949343800544739},"size":4.209421634674072,"orthographic":false}