{"cameraMode":{"drawMode":0,"name":"Shaded","section":"Shading Mode"},"sceneLighting":true,"audioPlay":false,"sceneViewState":{"showFog":true,"showMaterialUpdate":false,"showSkybox":false,"showFlares":true,"showImageEffects":true,"showParticleSystems":true},"in2DMode":false,"pivot":{"x":1200.013916015625,"y":532.720947265625,"z":-729.716064453125},"rotation":{"x":-0.0250683780759573,"y":-0.09731985628604889,"z":-0.0024508987553417684,"w":0.9949343800544739},"size":1331.070068359375,"orthographic":false}